pump_id,window_id,window_number,discharge_pressure,suction_pressure,fluid_rate,vibration,power_end_temperature,lube_pressure,stroke_rate,valve_noise_index,failure_next_window
FP-01,FP-01-001,1,9230.83,78.77,80.58,1.784,72.94,61.46,13.239,1.483,0
FP-01,FP-01-002,2,9287.85,78.41,79.39,1.803,75.09,60.99,13.375,1.096,0
FP-01,FP-01-003,3,9265.83,78.08,79.63,1.852,75.1,61.0,13.273,0.893,0
FP-01,FP-01-004,4,9231.1,78.23,79.87,1.837,74.29,60.33,13.374,1.071,0
FP-01,FP-01-005,5,9220.93,76.9,79.21,1.945,74.66,61.38,13.361,1.032,0
FP-01,FP-01-006,6,9194.3,76.5,80.05,1.986,75.01,60.87,13.217,1.106,0
FP-01,FP-01-007,7,9186.5,77.49,78.69,1.912,76.18,60.99,13.241,1.081,0
FP-01,FP-01-008,8,9202.01,76.08,79.06,2.088,75.57,60.71,13.364,1.251,0
FP-01,FP-01-009,9,9173.75,77.1,78.96,2.033,75.03,60.11,13.672,1.551,0
FP-01,FP-01-010,10,9206.89,76.75,78.46,1.956,78.53,59.8,13.603,1.612,0
FP-01,FP-01-011,11,9187.69,75.35,79.8,1.963,75.9,60.68,13.585,1.095,0
FP-01,FP-01-012,12,9060.36,76.14,77.43,2.156,77.53,60.7,13.449,1.468,0
FP-01,FP-01-013,13,9131.69,76.9,78.51,2.167,76.73,58.64,13.626,1.159,0
FP-01,FP-01-014,14,9109.03,78.22,77.33,2.069,79.37,59.46,13.917,1.151,0
FP-01,FP-01-015,15,9166.19,76.41,77.86,2.026,76.87,60.49,13.628,1.309,0
FP-01,FP-01-016,16,9193.87,78.26,77.1,2.127,78.07,60.4,13.55,1.835,0
FP-01,FP-01-017,17,9114.75,76.71,78.23,2.152,79.13,58.92,13.744,1.327,0
FP-01,FP-01-018,18,9098.61,76.07,77.94,2.273,79.97,59.12,13.643,1.33,0
FP-01,FP-01-019,19,9277.47,75.47,76.91,2.367,79.35,58.17,13.6,1.55,0
FP-01,FP-01-020,20,9142.5,75.96,75.49,2.399,79.26,59.01,13.839,1.553,0
FP-01,FP-01-021,21,9123.01,76.95,75.06,2.279,79.06,58.59,13.755,1.881,0
FP-01,FP-01-022,22,8976.45,75.27,78.42,2.346,79.01,59.3,13.667,2.026,0
FP-01,FP-01-023,23,9160.97,76.81,76.97,2.18,78.57,57.93,13.576,1.698,0
FP-01,FP-01-024,24,9196.24,74.9,76.57,2.118,78.76,57.76,13.828,1.634,0
FP-01,FP-01-025,25,8930.59,75.61,77.08,2.468,78.44,56.6,13.862,1.6,0
FP-01,FP-01-026,26,9119.06,76.09,76.69,2.407,79.33,59.19,13.762,1.66,0
FP-01,FP-01-027,27,8988.6,76.19,76.49,2.437,82.06,57.81,14.037,1.799,0
FP-01,FP-01-028,28,9020.68,74.11,74.98,2.296,82.15,59.53,13.536,1.466,0
FP-01,FP-01-029,29,9026.4,75.42,75.92,2.14,86.49,56.5,13.767,1.684,0
FP-01,FP-01-030,30,9072.63,76.73,73.12,2.674,81.53,58.58,14.01,1.484,0
FP-01,FP-01-031,31,9033.84,75.01,73.24,2.206,84.64,56.72,14.032,1.698,0
FP-01,FP-01-032,32,9044.1,73.71,73.1,2.631,82.32,58.4,14.134,1.487,0
FP-01,FP-01-033,33,8958.94,73.97,76.54,2.638,87.14,56.97,13.906,2.197,1
FP-01,FP-01-034,34,8894.43,74.65,72.19,2.503,84.52,57.47,14.04,2.028,0
FP-01,FP-01-035,35,9006.4,73.74,73.43,2.241,79.88,55.36,14.032,2.163,0
FP-01,FP-01-036,36,8940.5,76.23,73.93,2.516,84.12,56.23,14.151,1.824,0
FP-01,FP-01-037,37,9087.38,73.46,74.3,2.477,82.37,53.94,14.051,2.133,0
FP-01,FP-01-038,38,9110.01,75.04,74.22,2.517,85.44,57.11,13.634,2.048,0
FP-01,FP-01-039,39,8891.27,75.73,76.67,2.709,87.54,56.98,14.091,1.784,0
FP-01,FP-01-040,40,8863.89,75.06,71.24,2.291,81.16,56.61,13.579,1.499,0
FP-01,FP-01-041,41,8989.57,74.16,74.38,2.364,83.91,56.01,14.298,1.561,0
FP-01,FP-01-042,42,9029.64,71.1,73.76,2.508,83.2,58.27,13.524,1.918,0
FP-01,FP-01-043,43,8847.53,73.9,74.35,2.988,88.3,56.18,13.874,2.068,0
FP-01,FP-01-044,44,8991.29,75.52,73.71,2.479,89.47,56.44,14.177,1.892,0
FP-01,FP-01-045,45,8779.02,77.02,72.45,3.075,85.88,55.97,14.248,2.355,0
FP-01,FP-01-046,46,9044.0,73.6,72.64,2.992,87.28,52.82,14.127,2.221,0
FP-01,FP-01-047,47,8767.18,72.7,70.02,2.559,85.21,53.32,14.29,2.496,0
FP-01,FP-01-048,48,8733.11,71.54,74.95,2.563,87.94,53.15,14.324,2.097,0
FP-01,FP-01-049,49,8946.44,73.81,74.21,2.943,90.85,56.73,14.475,1.606,0
FP-01,FP-01-050,50,8968.45,73.65,70.03,2.585,86.07,52.9,14.558,2.089,0
FP-01,FP-01-051,51,8716.12,70.47,71.38,2.706,90.92,53.58,14.141,2.603,0
FP-01,FP-01-052,52,8972.24,74.64,69.41,2.892,87.09,53.34,14.412,1.634,0
FP-01,FP-01-053,53,8753.96,72.49,71.2,2.651,94.24,52.01,14.204,1.629,0
FP-01,FP-01-054,54,8932.88,72.93,71.43,3.423,89.96,56.24,14.048,2.432,0
FP-01,FP-01-055,55,8826.84,69.39,70.43,3.431,85.95,55.84,14.461,2.279,0
FP-01,FP-01-056,56,8696.48,72.84,72.09,3.204,83.85,51.45,14.577,2.473,0
FP-01,FP-01-057,57,8842.17,72.25,71.32,2.891,89.42,56.37,14.582,1.811,0
FP-01,FP-01-058,58,8626.58,71.25,71.83,2.886,94.98,52.14,14.638,2.249,0
FP-02,FP-02-001,1,9593.03,77.78,77.5,1.108,79.25,60.32,12.833,1.284,0
FP-02,FP-02-002,2,9571.2,77.22,78.24,1.223,78.81,60.25,12.873,1.356,0
FP-02,FP-02-003,3,9560.47,79.22,77.92,1.163,79.48,59.49,12.71,0.947,0
FP-02,FP-02-004,4,9539.48,77.5,77.44,1.291,80.09,60.16,12.964,1.544,0
FP-02,FP-02-005,5,9503.42,76.25,77.03,1.186,78.99,59.78,12.894,1.02,0
FP-02,FP-02-006,6,9415.76,75.95,77.34,1.297,79.91,59.41,12.706,1.04,0
FP-02,FP-02-007,7,9506.71,77.39,77.17,1.214,80.47,59.82,12.868,1.092,0
FP-02,FP-02-008,8,9451.14,77.54,76.46,1.236,79.48,58.05,13.003,1.078,0
FP-02,FP-02-009,9,9518.63,75.21,76.04,1.268,81.87,59.01,13.145,1.208,0
FP-02,FP-02-010,10,9477.01,76.14,75.2,1.286,81.31,58.47,13.018,0.907,0
FP-02,FP-02-011,11,9576.13,76.75,76.32,1.306,80.72,58.94,12.853,1.243,0
FP-02,FP-02-012,12,9433.41,76.65,77.05,1.417,81.1,58.69,12.969,1.318,0
FP-02,FP-02-013,13,9480.97,75.0,75.69,1.306,82.78,58.56,13.123,1.747,0
FP-02,FP-02-014,14,9571.73,75.99,75.26,1.393,82.42,56.76,13.168,1.068,0
FP-02,FP-02-015,15,9502.22,75.33,73.4,1.496,83.41,58.09,13.008,1.636,0
FP-02,FP-02-016,16,9494.15,75.18,76.17,1.578,84.13,58.98,13.235,1.26,0
FP-02,FP-02-017,17,9530.56,73.74,75.97,1.412,84.94,58.37,13.076,1.73,0
FP-02,FP-02-018,18,9443.6,76.38,75.07,1.458,82.65,57.32,13.325,1.616,0
FP-02,FP-02-019,19,9469.55,74.97,75.39,1.736,86.03,57.42,13.145,1.368,0
FP-02,FP-02-020,20,9436.16,71.94,74.38,1.523,81.75,56.39,13.512,1.001,0
FP-02,FP-02-021,21,9423.07,72.69,74.58,1.449,83.96,56.8,13.321,1.721,0
FP-02,FP-02-022,22,9362.26,76.12,73.11,1.694,84.79,56.33,13.303,1.593,0
FP-02,FP-02-023,23,9346.33,74.46,72.14,1.669,85.07,57.61,13.345,1.897,0
FP-02,FP-02-024,24,9465.65,73.79,73.85,1.792,85.02,56.08,13.262,1.762,0
FP-02,FP-02-025,25,9310.96,76.21,71.81,1.825,82.59,58.55,13.25,2.036,0
FP-02,FP-02-026,26,9303.41,75.25,73.92,1.673,82.93,55.25,13.349,1.827,0
FP-02,FP-02-027,27,9380.75,74.75,73.86,1.58,83.48,57.3,13.682,1.858,0
FP-02,FP-02-028,28,9261.75,74.29,74.18,1.754,86.33,55.54,13.045,1.996,0
FP-02,FP-02-029,29,9307.77,74.11,72.49,1.657,86.1,56.68,13.578,1.983,0
FP-02,FP-02-030,30,9257.53,72.85,71.52,1.631,89.76,55.39,13.223,1.779,0
FP-02,FP-02-031,31,9467.34,72.67,73.44,1.931,85.35,56.83,13.179,1.895,0
FP-02,FP-02-032,32,9236.44,74.12,72.6,2.003,86.22,57.53,13.314,2.213,0
FP-02,FP-02-033,33,9353.79,72.69,72.07,1.766,86.0,55.34,13.816,1.896,0
FP-02,FP-02-034,34,9286.42,72.61,71.91,2.034,90.38,54.94,13.575,1.389,0
FP-02,FP-02-035,35,9255.32,71.96,73.23,1.983,86.94,54.15,13.995,1.879,0
FP-02,FP-02-036,36,9377.96,72.25,70.74,2.197,87.35,56.34,13.532,1.289,0
FP-02,FP-02-037,37,9232.72,73.13,73.32,2.179,90.65,53.42,13.356,1.811,0
FP-02,FP-02-038,38,9123.62,70.44,72.63,1.939,87.23,52.5,13.579,2.418,1
FP-02,FP-02-039,39,9257.07,73.08,74.28,1.719,91.53,53.74,13.832,2.013,0
FP-02,FP-02-040,40,9240.18,71.82,73.54,2.17,90.64,56.51,13.514,2.272,0
FP-02,FP-02-041,41,9322.49,74.28,70.58,2.121,90.69,54.65,13.351,2.024,0
FP-02,FP-02-042,42,9327.36,72.39,71.05,2.174,87.43,53.91,13.724,2.253,0
FP-02,FP-02-043,43,9325.77,72.47,69.5,2.111,93.89,53.93,13.701,1.987,0
FP-02,FP-02-044,44,9193.16,68.62,71.49,1.906,95.91,53.83,14.023,1.755,0
FP-02,FP-02-045,45,9304.61,70.1,69.09,2.001,92.02,53.19,13.786,1.662,0
FP-02,FP-02-046,46,9097.22,70.08,72.87,1.907,90.48,55.48,13.368,1.894,0
FP-02,FP-02-047,47,9366.98,70.53,72.03,2.204,89.01,51.96,13.922,1.957,0
FP-02,FP-02-048,48,9391.12,71.13,70.38,2.272,95.49,55.01,13.597,1.452,0
FP-02,FP-02-049,49,9208.74,70.93,67.57,2.488,88.44,51.33,14.226,2.119,0
FP-02,FP-02-050,50,9243.63,71.98,72.39,2.548,91.92,50.34,13.704,1.832,0
FP-02,FP-02-051,51,9331.75,71.15,70.23,2.597,93.0,53.9,13.852,1.802,0
FP-02,FP-02-052,52,9162.59,70.51,68.77,2.369,96.51,54.71,14.026,1.667,0
FP-02,FP-02-053,53,9113.22,75.18,70.29,1.966,91.81,53.08,13.663,1.827,0
FP-02,FP-02-054,54,9080.72,70.44,72.16,2.555,96.77,51.59,13.294,1.833,0
FP-02,FP-02-055,55,9224.94,70.08,70.06,2.311,98.9,52.17,13.816,2.618,0
FP-02,FP-02-056,56,8907.2,69.88,68.94,2.762,92.28,53.42,14.158,2.171,0
FP-02,FP-02-057,57,8986.29,70.82,68.39,2.697,89.1,55.99,14.158,2.756,0
FP-02,FP-02-058,58,8940.39,71.97,68.0,2.139,90.63,53.31,13.274,1.631,0
FP-02,FP-02-059,59,9136.04,70.83,70.83,2.146,101.42,51.71,13.761,2.788,0
FP-02,FP-02-060,60,9024.46,71.0,71.43,2.634,98.18,49.95,13.953,1.813,0
FP-02,FP-02-061,61,9102.99,70.94,65.59,2.88,94.24,52.25,13.982,2.291,1
FP-02,FP-02-062,62,9286.48,69.18,65.35,2.547,101.07,52.86,13.564,1.998,0
FP-02,FP-02-063,63,9232.21,72.4,69.22,2.931,93.94,49.65,13.49,2.717,0
FP-02,FP-02-064,64,8949.18,70.96,64.09,2.34,94.9,48.77,14.315,2.307,0
FP-03,FP-03-001,1,9149.25,66.86,81.27,1.858,86.14,49.49,11.993,1.223,0
FP-03,FP-03-002,2,9131.4,68.33,81.72,1.845,86.48,49.27,12.021,1.235,0
FP-03,FP-03-003,3,9110.27,69.55,81.09,1.848,86.17,49.59,11.941,1.044,0
FP-03,FP-03-004,4,9117.09,66.14,80.81,1.91,87.97,49.92,12.054,1.212,0
FP-03,FP-03-005,5,9097.8,67.87,81.0,1.906,88.22,49.77,12.026,1.656,0
FP-03,FP-03-006,6,9137.06,68.25,80.85,2.027,88.49,49.57,12.143,1.184,0
FP-03,FP-03-007,7,9018.47,66.94,78.13,2.023,90.16,49.64,12.126,0.97,0
FP-03,FP-03-008,8,9027.8,69.05,80.27,2.048,85.84,47.85,12.141,1.405,0
FP-03,FP-03-009,9,9045.13,69.15,80.95,2.044,87.2,49.54,12.193,1.087,0
FP-03,FP-03-010,10,9016.47,65.35,80.05,2.084,91.11,47.84,12.406,1.004,0
FP-03,FP-03-011,11,8938.58,66.86,79.75,2.15,89.63,47.94,12.056,1.239,0
FP-03,FP-03-012,12,9069.99,64.52,78.71,2.085,89.26,47.99,12.157,1.524,0
FP-03,FP-03-013,13,8961.69,67.18,77.64,2.136,88.47,48.4,12.15,1.156,0
FP-03,FP-03-014,14,9087.77,67.01,80.86,2.255,88.04,47.62,12.164,1.457,0
FP-03,FP-03-015,15,9060.0,65.74,78.23,2.142,90.03,47.96,12.278,1.187,0
FP-03,FP-03-016,16,9028.7,64.6,78.56,2.281,89.24,47.88,12.342,1.626,0
FP-03,FP-03-017,17,8887.6,64.01,78.84,2.164,91.41,47.68,12.289,1.385,0
FP-03,FP-03-018,18,9050.47,67.25,78.34,2.352,92.36,48.37,12.255,1.706,0
FP-03,FP-03-019,19,8942.91,66.7,77.4,2.284,93.15,46.9,12.42,1.652,0
FP-03,FP-03-020,20,9021.96,67.36,78.45,2.407,89.69,45.39,12.358,1.801,1
FP-03,FP-03-021,21,8887.75,68.11,78.82,2.256,91.44,46.19,12.431,1.928,0
FP-03,FP-03-022,22,8969.29,63.81,78.23,2.296,91.95,46.94,12.46,1.569,0
FP-03,FP-03-023,23,9027.59,65.17,77.43,2.551,94.49,47.08,12.422,1.803,0
FP-03,FP-03-024,24,8970.61,67.16,77.84,2.243,94.12,46.85,12.472,1.437,0
FP-03,FP-03-025,25,8966.16,65.97,77.25,2.548,93.5,46.62,12.5,1.809,0
FP-03,FP-03-026,26,8894.96,65.99,75.79,2.431,94.16,46.27,12.257,1.887,0
FP-03,FP-03-027,27,9030.05,65.63,75.83,2.46,94.44,46.18,12.541,1.349,0
FP-03,FP-03-028,28,8963.79,64.88,76.77,2.54,92.92,45.7,12.719,1.755,1
FP-03,FP-03-029,29,9037.5,63.04,77.83,2.681,95.91,45.99,12.814,1.433,0
FP-03,FP-03-030,30,8864.05,63.62,75.57,2.289,93.81,45.73,12.411,1.573,0
FP-03,FP-03-031,31,8797.47,63.64,77.89,2.273,99.29,45.31,12.353,2.245,0
FP-03,FP-03-032,32,8793.69,66.11,76.12,2.375,96.5,46.69,12.6,1.824,0
FP-03,FP-03-033,33,8861.65,61.55,75.81,2.399,98.57,45.88,12.833,1.935,0
FP-03,FP-03-034,34,8912.51,63.55,76.29,2.687,93.3,45.54,12.5,1.772,0
FP-03,FP-03-035,35,8886.13,64.18,75.92,2.61,94.72,43.56,12.497,1.31,0
FP-03,FP-03-036,36,8853.23,63.95,75.8,2.699,95.39,46.96,12.359,1.96,0
FP-03,FP-03-037,37,8655.96,63.23,75.24,2.616,95.49,45.09,13.032,2.137,0
FP-03,FP-03-038,38,8845.22,63.84,77.08,2.369,100.4,45.69,12.199,2.207,0
FP-03,FP-03-039,39,8807.0,63.56,73.21,2.552,95.64,41.83,12.832,1.733,0
FP-03,FP-03-040,40,8680.03,65.33,76.05,2.707,95.07,44.97,12.86,1.693,0
FP-03,FP-03-041,41,8800.36,64.16,74.6,2.552,96.87,43.27,12.887,1.96,0
FP-03,FP-03-042,42,8834.28,64.42,75.18,2.941,97.48,43.02,12.787,2.066,0
FP-03,FP-03-043,43,8740.18,64.55,75.1,2.506,96.77,43.64,12.648,2.037,0
FP-03,FP-03-044,44,8651.98,62.39,75.15,2.73,99.57,42.07,12.409,2.572,0
FP-03,FP-03-045,45,8838.29,63.06,73.11,2.964,98.64,42.99,13.278,2.246,1
FP-03,FP-03-046,46,8723.16,64.37,73.9,2.67,97.88,43.22,13.096,2.061,0
FP-03,FP-03-047,47,8614.79,61.8,73.09,2.768,100.62,42.65,12.504,2.289,0
FP-03,FP-03-048,48,8761.22,64.43,74.43,3.198,104.15,42.83,12.731,2.186,0
FP-03,FP-03-049,49,8652.63,62.78,74.81,2.732,97.72,44.66,12.485,1.797,0
FP-03,FP-03-050,50,8709.24,64.09,72.32,3.23,103.02,44.13,13.272,2.362,0
FP-03,FP-03-051,51,8544.06,63.2,74.56,2.67,96.39,41.06,13.281,2.106,0
FP-03,FP-03-052,52,8783.5,63.32,70.02,3.192,102.3,41.3,12.437,2.177,0
FP-03,FP-03-053,53,8900.54,61.87,75.2,2.75,100.78,41.81,13.051,2.279,0
FP-03,FP-03-054,54,8561.07,59.47,74.93,2.654,101.2,41.87,12.9,1.626,0
FP-03,FP-03-055,55,8559.53,61.29,70.21,2.785,101.11,44.2,12.49,2.365,0
FP-03,FP-03-056,56,8744.54,61.07,72.69,3.158,105.34,41.26,13.071,1.742,0
FP-03,FP-03-057,57,8754.6,62.95,70.59,3.027,99.02,39.78,12.731,2.48,0
FP-03,FP-03-058,58,8596.83,62.55,74.08,2.705,98.11,40.95,12.844,2.003,0
FP-03,FP-03-059,59,8697.93,59.23,70.68,2.676,101.15,37.99,12.399,1.979,0
FP-03,FP-03-060,60,8499.13,61.56,73.57,2.752,101.61,42.09,13.279,2.501,0
FP-03,FP-03-061,61,8781.43,62.96,74.18,3.032,106.93,42.13,13.501,2.019,0
FP-03,FP-03-062,62,8563.05,61.57,73.02,2.958,102.04,41.77,13.435,2.237,0
FP-03,FP-03-063,63,8617.05,60.62,71.95,2.792,100.42,41.65,13.829,2.604,0
FP-03,FP-03-064,64,8615.41,59.63,68.63,3.025,107.65,43.6,13.741,2.298,0
FP-03,FP-03-065,65,8471.99,58.67,68.7,3.019,99.84,43.03,12.661,2.305,1
FP-03,FP-03-066,66,8482.72,61.62,71.5,3.294,110.03,38.1,12.983,1.754,1
FP-03,FP-03-067,67,8645.67,60.4,72.98,3.178,103.75,38.67,13.462,1.899,0
FP-03,FP-03-068,68,8394.76,58.42,69.65,3.657,103.13,37.55,12.854,2.65,1
FP-03,FP-03-069,69,8547.74,59.32,67.69,3.409,107.22,40.21,13.528,2.31,1
FP-03,FP-03-070,70,8510.01,57.48,68.36,3.791,107.22,39.68,13.626,2.926,1
FP-03,FP-03-071,71,8363.03,57.05,67.29,3.012,109.75,38.45,13.12,1.991,1
FP-04,FP-04-001,1,9319.71,78.61,68.99,1.088,78.59,51.3,12.937,1.347,0
FP-04,FP-04-002,2,9389.31,79.87,68.19,1.168,81.1,50.65,13.274,1.422,0
FP-04,FP-04-003,3,9299.41,79.48,68.08,1.237,81.12,50.64,13.075,1.12,0
FP-04,FP-04-004,4,9275.71,77.75,68.92,1.223,80.79,49.79,13.255,1.484,0
FP-04,FP-04-005,5,9427.75,77.75,67.75,1.227,81.22,48.96,13.186,1.246,0
FP-04,FP-04-006,6,9331.99,78.24,68.64,1.281,80.35,48.33,13.236,1.092,0
FP-04,FP-04-007,7,9341.65,78.74,68.83,1.2,82.13,49.88,13.192,0.958,0
FP-04,FP-04-008,8,9225.4,80.6,67.66,1.383,82.24,49.0,13.456,1.305,0
FP-04,FP-04-009,9,9286.71,79.85,69.18,1.438,82.72,49.76,13.285,1.21,0
FP-04,FP-04-010,10,9303.31,79.49,66.44,1.27,82.22,49.25,13.552,1.636,0
FP-04,FP-04-011,11,9328.46,78.29,66.07,1.4,82.15,49.95,13.308,1.728,0
FP-04,FP-04-012,12,9242.97,78.26,67.3,1.335,84.8,48.36,13.463,1.08,0
FP-04,FP-04-013,13,9186.58,78.47,67.23,1.256,84.72,49.14,13.435,1.323,0
FP-04,FP-04-014,14,9233.95,78.05,67.33,1.327,83.61,47.44,13.285,1.816,0
FP-04,FP-04-015,15,9189.77,77.98,67.19,1.472,85.28,48.59,13.223,1.117,0
FP-04,FP-04-016,16,9268.51,78.24,67.6,1.382,84.12,48.8,13.478,1.529,0
FP-04,FP-04-017,17,9204.15,77.33,66.16,1.509,85.22,48.74,13.218,1.359,0
FP-04,FP-04-018,18,9206.83,77.62,65.99,1.503,84.31,48.1,13.645,1.449,0
FP-04,FP-04-019,19,9258.02,75.95,65.47,1.586,83.79,49.38,13.614,1.275,1
FP-04,FP-04-020,20,9163.08,75.72,64.94,1.67,86.87,47.8,13.522,1.824,0
FP-04,FP-04-021,21,9272.47,77.73,64.73,1.519,86.79,48.12,13.604,1.756,0
FP-04,FP-04-022,22,9238.9,77.12,65.15,1.539,86.08,47.46,13.34,1.616,0
FP-04,FP-04-023,23,9191.51,77.36,65.57,1.489,83.75,47.87,13.299,1.794,0
FP-04,FP-04-024,24,9047.04,76.4,63.94,1.506,85.75,46.2,13.361,1.417,0
FP-04,FP-04-025,25,9116.12,78.12,66.54,1.491,86.42,47.43,13.475,1.396,0
FP-04,FP-04-026,26,9181.5,75.97,66.04,1.57,87.42,46.5,13.553,1.759,0
FP-04,FP-04-027,27,9141.32,76.93,65.26,1.884,88.32,47.68,13.261,1.283,0
FP-04,FP-04-028,28,9154.85,76.4,64.56,1.797,88.13,47.54,13.658,1.643,0
FP-04,FP-04-029,29,9163.36,76.48,64.81,1.825,88.3,47.11,13.896,1.93,0
FP-04,FP-04-030,30,9057.79,74.74,63.17,1.843,86.83,46.07,13.518,1.658,0
FP-04,FP-04-031,31,9069.22,77.98,64.5,1.996,89.76,47.52,13.78,1.425,0
FP-04,FP-04-032,32,9167.94,74.72,62.51,1.736,87.14,45.19,13.87,2.126,0
FP-04,FP-04-033,33,9078.24,74.18,63.04,1.993,87.36,47.15,13.64,2.184,0
FP-04,FP-04-034,34,9100.16,77.4,61.41,2.019,89.45,46.43,13.626,1.913,0
FP-04,FP-04-035,35,9128.57,76.47,64.97,1.62,88.05,45.72,13.685,1.362,0
FP-04,FP-04-036,36,9023.22,72.73,63.4,1.985,93.23,44.39,13.445,2.102,0
FP-04,FP-04-037,37,9114.85,76.17,62.29,2.147,90.94,43.27,13.485,1.898,0
FP-04,FP-04-038,38,9036.44,76.46,63.21,1.91,87.32,45.82,13.409,1.803,0
FP-04,FP-04-039,39,9128.95,75.04,63.93,1.78,88.85,43.22,13.579,2.186,0
FP-04,FP-04-040,40,8866.03,77.09,62.1,1.748,92.58,45.79,14.013,1.242,0
FP-04,FP-04-041,41,9022.74,74.07,60.16,2.046,94.34,43.1,14.105,1.441,0
FP-04,FP-04-042,42,8984.74,77.79,63.77,1.795,91.52,44.43,13.445,2.233,0
FP-04,FP-04-043,43,9018.07,72.5,62.26,1.949,89.95,44.76,14.045,2.004,0
FP-04,FP-04-044,44,8923.92,73.16,60.57,2.12,90.35,47.16,14.304,1.969,0
FP-04,FP-04-045,45,8946.21,76.96,61.85,1.804,93.81,42.79,14.015,1.459,0
FP-04,FP-04-046,46,8787.12,73.71,62.11,1.924,95.24,42.24,13.878,1.744,1
FP-04,FP-04-047,47,8918.54,74.57,60.37,2.479,93.05,45.79,14.37,1.73,0
FP-04,FP-04-048,48,9065.67,74.01,61.11,1.93,90.3,43.07,13.521,2.083,0
FP-04,FP-04-049,49,8876.11,75.26,59.87,2.006,89.47,43.73,13.629,1.968,0
FP-04,FP-04-050,50,9028.52,77.34,59.04,2.188,96.06,44.94,13.867,2.26,0
FP-04,FP-04-051,51,8968.37,73.72,62.39,2.641,95.66,44.06,14.038,2.263,0
FP-04,FP-04-052,52,8819.53,75.37,58.12,2.058,92.46,44.56,14.116,2.118,0
FP-04,FP-04-053,53,8872.72,76.95,61.68,1.982,95.01,40.13,13.719,1.993,0
FP-04,FP-04-054,54,8848.31,73.17,60.22,2.188,92.13,43.41,14.125,1.571,0
FP-04,FP-04-055,55,8986.79,76.13,60.59,2.681,94.82,41.05,14.203,2.128,0
FP-04,FP-04-056,56,9090.48,71.97,61.02,1.96,94.88,42.53,13.786,1.699,0
FP-04,FP-04-057,57,8849.23,72.06,58.55,2.655,93.22,40.65,14.338,2.007,1
FP-04,FP-04-058,58,8750.21,73.42,60.71,2.037,92.42,40.21,14.758,2.467,0
FP-04,FP-04-059,59,8719.21,72.41,60.79,2.83,92.43,41.89,14.466,2.492,0
FP-04,FP-04-060,60,9035.48,72.12,59.61,2.429,94.52,41.19,14.335,2.716,0
FP-04,FP-04-061,61,8875.3,74.34,60.4,2.359,94.92,45.28,14.493,1.821,0
FP-04,FP-04-062,62,9064.23,70.88,60.71,2.406,100.95,43.78,14.712,2.093,0
FP-04,FP-04-063,63,8797.66,75.6,59.69,2.367,95.94,43.14,13.545,1.686,0
FP-04,FP-04-064,64,8777.29,74.02,56.4,2.244,101.9,40.34,14.244,3.123,1
FP-04,FP-04-065,65,8887.21,75.29,58.56,2.401,96.23,38.78,14.129,2.452,1
FP-04,FP-04-066,66,8830.87,73.1,58.92,2.394,97.05,39.23,13.906,2.713,1
FP-04,FP-04-067,67,8819.03,74.5,59.91,2.052,99.01,42.88,14.273,2.842,0
FP-04,FP-04-068,68,8581.77,69.73,57.23,2.59,96.3,40.85,14.599,1.788,1
FP-04,FP-04-069,69,8943.61,74.56,56.12,3.219,101.36,37.67,14.709,2.588,1
FP-04,FP-04-070,70,8629.04,73.34,58.68,2.921,95.62,40.06,14.696,2.49,1
FP-04,FP-04-071,71,8711.25,69.91,61.46,2.711,99.2,42.36,14.746,2.093,0
FP-04,FP-04-072,72,8667.92,72.75,56.0,3.088,91.64,42.67,14.369,2.294,1
FP-04,FP-04-073,73,8702.21,72.07,55.06,2.254,107.38,38.98,14.148,2.553,1
FP-04,FP-04-074,74,8891.99,74.29,56.17,2.513,102.31,39.0,14.756,2.126,1
FP-04,FP-04-075,75,8785.02,67.98,55.35,3.44,98.95,41.93,14.345,3.029,1
FP-04,FP-04-076,76,8873.95,67.56,55.98,2.352,94.94,39.87,15.07,3.14,1
FP-04,FP-04-077,77,8794.31,72.99,56.26,2.54,104.4,37.57,14.959,2.16,1
FP-05,FP-05-001,1,9168.37,83.6,69.22,1.906,72.5,55.82,13.863,1.323,0
FP-05,FP-05-002,2,9138.43,84.61,70.76,2.007,73.1,55.01,14.106,0.967,0
FP-05,FP-05-003,3,9227.68,84.18,70.26,1.996,73.6,55.91,13.879,1.044,0
FP-05,FP-05-004,4,9118.41,83.72,69.94,2.029,75.56,56.46,13.881,1.322,0
FP-05,FP-05-005,5,9243.05,83.05,69.71,2.086,75.52,55.19,13.989,1.473,0
FP-05,FP-05-006,6,9182.36,83.44,70.14,2.09,73.3,55.81,14.132,1.608,0
FP-05,FP-05-007,7,9203.38,82.76,68.39,2.024,73.99,55.19,14.272,1.157,0
FP-05,FP-05-008,8,9111.42,81.47,70.91,2.004,74.67,55.49,13.982,1.257,0
FP-05,FP-05-009,9,9171.57,81.52,67.53,2.14,76.2,54.36,14.102,1.376,0
FP-05,FP-05-010,10,9161.4,83.34,68.88,2.221,77.49,55.1,14.048,1.159,0
FP-05,FP-05-011,11,9068.76,83.46,68.54,2.092,77.51,55.05,14.047,1.416,0
FP-05,FP-05-012,12,9072.08,79.9,68.13,2.177,77.02,55.15,13.986,1.226,0
FP-05,FP-05-013,13,9093.64,80.78,69.62,2.126,77.13,54.31,14.221,1.077,0
FP-05,FP-05-014,14,9091.01,82.16,68.38,2.148,76.0,53.85,14.062,1.775,0
FP-05,FP-05-015,15,9091.89,83.47,68.09,2.213,76.63,54.34,14.071,1.882,0
FP-05,FP-05-016,16,9124.9,83.54,68.09,2.173,78.38,54.69,14.243,1.801,0
FP-05,FP-05-017,17,9054.59,84.13,68.54,2.206,77.34,53.84,14.218,1.351,0
FP-05,FP-05-018,18,9043.78,81.66,67.22,2.35,78.04,54.33,14.191,1.484,0
FP-05,FP-05-019,19,9006.57,82.86,67.84,2.426,76.68,52.46,14.473,1.192,0
FP-05,FP-05-020,20,8972.1,83.07,67.18,2.465,82.28,55.17,14.168,1.632,0
FP-05,FP-05-021,21,9000.27,82.55,67.43,2.425,79.01,52.83,14.365,1.735,0
FP-05,FP-05-022,22,9057.83,79.74,67.3,2.488,76.69,53.05,14.384,1.316,0
FP-05,FP-05-023,23,9049.13,80.65,66.63,2.371,80.32,52.59,14.405,1.447,0
FP-05,FP-05-024,24,9101.08,80.4,65.25,2.628,79.14,51.65,14.472,1.711,0
FP-05,FP-05-025,25,9003.79,81.32,66.44,2.641,79.16,51.22,14.21,1.535,0
FP-05,FP-05-026,26,8997.54,81.7,67.33,2.366,80.09,53.02,14.619,1.728,0
FP-05,FP-05-027,27,9027.09,80.3,66.77,2.518,78.84,51.74,14.713,1.762,0
FP-05,FP-05-028,28,9074.29,81.15,67.3,2.419,83.23,50.68,14.417,1.553,0
FP-05,FP-05-029,29,9077.06,82.23,66.15,2.676,79.98,53.84,14.652,2.065,1
FP-05,FP-05-030,30,9041.71,80.91,67.03,2.417,82.18,50.53,14.308,1.789,0
FP-05,FP-05-031,31,9039.15,79.72,66.46,2.625,82.06,52.76,14.318,1.551,0
FP-05,FP-05-032,32,8964.77,81.77,64.78,2.697,82.17,50.17,14.33,1.697,0
FP-05,FP-05-033,33,9025.61,82.12,66.64,2.724,84.45,53.02,14.483,2.165,0
FP-05,FP-05-034,34,8979.03,77.46,65.23,2.543,80.72,51.0,14.39,1.775,0
FP-05,FP-05-035,35,9034.49,79.83,64.02,2.554,81.22,50.7,14.478,2.171,0
FP-05,FP-05-036,36,8887.11,79.96,63.42,2.813,84.37,52.05,14.659,1.911,0
FP-05,FP-05-037,37,8978.55,80.79,62.93,2.785,79.68,51.76,14.219,1.794,0
FP-05,FP-05-038,38,8964.11,78.97,64.3,2.786,80.03,50.31,14.395,1.598,0
FP-05,FP-05-039,39,8950.89,79.84,65.36,2.766,86.17,51.11,14.671,1.651,0
FP-05,FP-05-040,40,8813.28,81.09,63.13,2.547,84.06,50.6,14.532,2.009,0
FP-05,FP-05-041,41,8731.18,79.06,64.25,2.592,88.12,49.63,14.355,1.583,0
FP-05,FP-05-042,42,8812.8,79.81,62.89,3.066,82.59,48.54,15.121,1.826,0
FP-05,FP-05-043,43,8672.12,82.16,62.84,3.203,82.61,49.74,14.364,1.891,0
FP-05,FP-05-044,44,8779.36,79.58,62.1,2.761,87.31,52.62,14.923,2.129,0
FP-05,FP-05-045,45,8781.94,79.33,64.41,3.317,82.06,48.88,14.683,1.666,0
FP-05,FP-05-046,46,8983.41,78.98,63.85,2.786,82.47,48.5,14.622,1.519,1
FP-05,FP-05-047,47,8806.2,77.94,62.29,2.736,90.05,48.72,15.052,1.479,0
FP-05,FP-05-048,48,8840.38,77.98,64.01,3.227,86.27,48.32,14.443,1.72,0
FP-05,FP-05-049,49,8822.76,79.21,63.27,3.15,90.39,50.46,15.213,2.399,0
FP-05,FP-05-050,50,8874.6,77.93,60.58,3.061,85.35,51.04,14.857,2.028,0
FP-05,FP-05-051,51,8561.57,80.77,65.47,3.153,88.16,48.76,14.865,2.036,0
FP-05,FP-05-052,52,8988.13,77.55,64.58,2.753,89.63,48.27,14.779,2.645,0
FP-05,FP-05-053,53,8884.83,77.76,59.11,3.105,84.01,52.27,14.902,1.996,1
FP-05,FP-05-054,54,8782.69,78.71,63.08,3.646,88.9,50.77,15.228,2.229,0
FP-05,FP-05-055,55,8713.91,77.22,60.81,3.483,92.78,50.93,14.946,2.188,1
FP-05,FP-05-056,56,8710.66,75.61,62.63,3.416,91.14,49.16,14.531,2.371,0
FP-05,FP-05-057,57,8828.0,78.03,63.22,2.96,86.19,46.76,14.498,2.969,0
FP-05,FP-05-058,58,8768.03,76.98,62.06,3.121,88.79,49.48,15.071,2.8,0
FP-05,FP-05-059,59,8843.99,77.16,58.63,2.878,85.77,47.92,15.486,2.889,0
FP-05,FP-05-060,60,8610.83,79.58,59.92,3.754,94.46,46.09,15.521,2.417,1
FP-05,FP-05-061,61,8846.56,74.86,58.73,3.045,90.08,46.0,15.127,2.104,0
FP-05,FP-05-062,62,8667.07,80.59,63.32,3.63,92.75,49.66,15.172,1.999,0
FP-05,FP-05-063,63,8572.82,80.57,58.43,3.408,85.22,49.59,15.02,2.228,1
FP-05,FP-05-064,64,8802.15,80.67,58.17,3.778,91.66,49.18,14.623,2.458,1
FP-05,FP-05-065,65,8941.94,75.82,61.07,3.876,94.6,50.34,14.497,2.414,1
FP-05,FP-05-066,66,8742.68,74.58,61.37,3.655,88.05,44.21,14.679,1.905,1
FP-05,FP-05-067,67,8637.23,76.04,55.17,3.719,90.41,46.57,15.205,2.489,1
FP-05,FP-05-068,68,8788.84,74.33,58.96,3.617,91.73,47.77,15.878,2.223,1
FP-05,FP-05-069,69,8626.64,74.98,59.4,3.16,94.94,49.67,15.293,2.7,1
FP-05,FP-05-070,70,8429.24,77.17,61.28,3.688,90.04,44.2,15.588,2.284,1
FP-05,FP-05-071,71,8489.48,75.93,61.8,3.121,90.35,48.86,15.094,2.799,0
FP-05,FP-05-072,72,8863.34,76.93,58.78,3.157,97.93,49.74,16.017,2.782,0
FP-05,FP-05-073,73,8704.43,73.29,62.64,3.256,89.4,44.86,15.64,2.186,0
FP-05,FP-05-074,74,8794.51,79.08,57.62,3.823,97.78,47.28,15.87,3.01,1
FP-05,FP-05-075,75,8596.56,75.09,62.01,3.953,89.76,47.7,15.538,3.233,1
FP-05,FP-05-076,76,8703.34,73.14,57.06,3.733,95.34,47.7,16.017,2.218,1
FP-05,FP-05-077,77,8594.46,73.45,56.44,3.485,91.25,42.81,16.105,2.675,1
FP-05,FP-05-078,78,8614.07,73.44,56.65,3.362,96.93,46.68,15.418,2.676,1
FP-05,FP-05-079,79,8513.65,73.18,60.19,3.438,93.61,44.46,15.653,2.884,1
FP-05,FP-05-080,80,8293.43,78.18,59.21,3.842,100.12,44.11,15.03,2.415,1
FP-05,FP-05-081,81,8278.96,75.99,61.4,3.695,97.04,44.76,15.92,2.638,1
FP-05,FP-05-082,82,8766.19,78.57,57.73,3.661,91.35,43.97,15.554,2.947,1
FP-05,FP-05-083,83,8402.11,77.54,56.57,4.031,93.37,44.85,15.636,3.01,1
FP-06,FP-06-001,1,9303.82,71.3,77.23,1.887,76.74,56.62,13.575,1.199,0
FP-06,FP-06-002,2,9182.65,71.76,77.85,1.905,78.02,55.46,13.44,1.194,0
FP-06,FP-06-003,3,9153.27,72.12,77.36,1.899,77.52,55.5,13.827,1.29,0
FP-06,FP-06-004,4,9229.97,72.4,77.73,1.874,76.81,54.47,13.767,0.949,0
FP-06,FP-06-005,5,9157.87,71.95,77.5,1.917,76.72,56.33,13.483,0.919,0
FP-06,FP-06-006,6,9162.09,71.04,76.65,2.019,77.35,54.18,13.806,1.244,0
FP-06,FP-06-007,7,9185.56,69.95,75.86,2.035,79.59,54.95,13.49,1.339,0
FP-06,FP-06-008,8,9186.49,70.26,77.02,1.955,78.91,55.41,13.732,0.982,0
FP-06,FP-06-009,9,9236.0,70.7,77.11,1.967,78.49,54.66,13.765,1.385,0
FP-06,FP-06-010,10,9148.56,71.23,78.67,2.096,79.11,53.11,13.716,0.979,0
FP-06,FP-06-011,11,9103.0,70.71,76.51,2.005,81.27,53.72,13.861,1.604,0
FP-06,FP-06-012,12,9171.34,72.64,76.74,2.044,78.38,53.28,13.82,1.595,0
FP-06,FP-06-013,13,9127.38,70.89,76.99,2.018,81.61,54.95,13.684,1.46,0
FP-06,FP-06-014,14,9052.97,70.08,75.05,2.074,80.83,53.62,13.632,1.628,0
FP-06,FP-06-015,15,9051.6,71.24,75.82,2.091,81.24,54.31,14.045,1.59,0
FP-06,FP-06-016,16,9166.91,69.86,76.95,2.0,79.23,53.33,13.778,1.739,0
FP-06,FP-06-017,17,9040.8,71.06,75.07,2.228,80.73,53.93,13.91,1.454,0
FP-06,FP-06-018,18,9099.34,67.53,75.02,2.245,80.14,53.86,13.96,1.819,0
FP-06,FP-06-019,19,9028.19,69.43,75.47,2.115,81.13,53.25,14.036,1.831,0
FP-06,FP-06-020,20,9005.17,70.38,75.82,2.09,83.33,51.51,13.896,1.469,0
FP-06,FP-06-021,21,9130.49,69.23,73.82,2.196,82.05,52.3,13.986,1.464,0
FP-06,FP-06-022,22,9158.0,67.09,74.1,2.103,80.61,54.33,13.899,1.191,0
FP-06,FP-06-023,23,8983.59,69.88,75.38,2.363,81.8,53.46,14.219,1.346,0
FP-06,FP-06-024,24,8875.5,69.61,74.21,2.435,80.08,51.98,14.183,1.895,0
FP-06,FP-06-025,25,8889.83,69.78,74.39,2.52,85.95,52.68,14.134,1.566,0
FP-06,FP-06-026,26,8926.62,69.08,75.01,2.307,81.82,53.67,14.045,1.813,0
FP-06,FP-06-027,27,9049.04,67.15,75.24,2.348,86.16,51.37,14.27,1.396,0
FP-06,FP-06-028,28,8947.2,68.57,73.86,2.45,81.7,51.48,14.101,1.888,0
FP-06,FP-06-029,29,8945.34,68.47,73.58,2.702,83.81,52.28,14.181,1.147,0
FP-06,FP-06-030,30,8872.25,69.91,73.02,2.571,85.92,51.16,14.435,1.725,0
FP-06,FP-06-031,31,9104.94,71.47,74.66,2.425,82.35,48.25,14.167,1.565,0
FP-06,FP-06-032,32,8893.5,68.92,75.61,2.348,84.65,49.91,14.197,1.258,0
FP-06,FP-06-033,33,9018.61,68.13,71.97,2.453,83.72,49.86,14.191,1.283,0
FP-06,FP-06-034,34,9003.27,67.17,73.76,2.619,84.58,49.45,13.912,1.798,0
FP-06,FP-06-035,35,8794.09,67.7,72.29,2.434,84.82,49.57,14.297,1.637,0
FP-06,FP-06-036,36,8940.59,66.52,72.92,2.633,85.76,49.89,14.282,2.272,1
FP-06,FP-06-037,37,8929.43,68.32,72.01,2.561,87.32,49.83,14.195,1.579,0
FP-06,FP-06-038,38,8846.45,66.84,73.51,2.87,91.85,51.19,14.317,1.962,0
FP-06,FP-06-039,39,8915.78,67.85,73.01,2.683,87.07,48.28,14.396,1.619,0
FP-06,FP-06-040,40,8798.57,68.13,72.53,2.937,85.44,48.54,13.944,1.6,0
FP-06,FP-06-041,41,8867.5,68.58,70.05,2.48,89.13,49.73,14.088,1.926,0
FP-06,FP-06-042,42,9035.22,66.92,70.17,2.918,88.73,51.48,14.316,1.748,1
FP-06,FP-06-043,43,9030.71,70.01,73.59,2.48,89.04,50.36,14.278,1.95,0
FP-06,FP-06-044,44,8732.02,66.0,70.67,2.81,89.77,49.27,14.37,1.811,0
FP-06,FP-06-045,45,8815.69,66.2,71.92,3.035,91.74,52.32,14.573,2.105,0
FP-06,FP-06-046,46,8819.79,68.21,69.22,3.068,91.11,50.05,14.693,2.464,0
FP-06,FP-06-047,47,8707.6,67.32,69.38,2.841,85.8,51.04,14.292,2.025,0
FP-06,FP-06-048,48,8722.45,67.65,73.43,2.771,92.69,47.06,14.312,2.246,0
FP-06,FP-06-049,49,8848.66,64.85,72.45,2.943,94.51,49.93,14.502,1.609,0
FP-06,FP-06-050,50,8728.84,66.45,69.35,2.75,90.8,47.13,14.262,2.069,0
FP-06,FP-06-051,51,8795.43,67.36,69.81,2.627,91.04,49.42,14.859,2.054,0
FP-06,FP-06-052,52,8864.86,67.03,70.54,3.24,89.53,45.97,14.558,1.986,0
FP-06,FP-06-053,53,8647.43,66.59,69.15,2.611,94.2,49.94,14.479,1.646,1
FP-06,FP-06-054,54,8703.01,64.07,68.84,3.271,93.93,50.7,14.072,2.346,0
FP-06,FP-06-055,55,8656.45,68.59,69.16,2.815,92.01,45.83,14.766,2.022,0
FP-06,FP-06-056,56,8880.07,63.63,71.35,3.361,90.2,48.3,14.521,1.987,0
FP-06,FP-06-057,57,8739.22,63.85,67.49,2.613,86.25,45.03,14.168,2.252,0
FP-06,FP-06-058,58,8898.5,64.29,69.21,3.265,97.47,47.94,14.643,2.595,0
FP-06,FP-06-059,59,8765.55,69.31,69.11,2.757,91.11,45.95,14.104,1.906,0
FP-06,FP-06-060,60,8534.56,63.76,69.46,3.009,99.41,48.33,14.292,2.292,0
FP-06,FP-06-061,61,8845.01,63.59,69.1,3.512,90.0,47.47,15.06,2.854,0
FP-06,FP-06-062,62,8534.05,65.94,65.37,2.726,92.77,49.71,14.779,2.5,0
FP-06,FP-06-063,63,8723.04,62.79,67.69,2.962,94.28,43.1,14.671,3.125,0
FP-06,FP-06-064,64,8761.02,62.18,66.81,3.166,93.67,45.79,14.312,1.683,1
FP-06,FP-06-065,65,8467.77,66.56,68.59,3.697,90.63,46.1,14.703,2.562,1
FP-06,FP-06-066,66,8581.05,67.27,68.47,3.541,95.38,48.51,15.174,2.176,0
FP-06,FP-06-067,67,8535.06,64.72,66.43,3.436,101.28,43.74,14.744,2.746,0
FP-06,FP-06-068,68,8378.03,64.66,70.37,3.346,93.94,49.11,14.633,2.319,0
FP-06,FP-06-069,69,8738.62,66.76,66.85,3.246,90.96,47.21,14.805,2.094,0
FP-06,FP-06-070,70,8708.23,62.12,70.28,2.877,101.35,48.55,14.954,2.45,1
FP-06,FP-06-071,71,8468.19,63.19,70.33,3.413,101.04,44.65,14.974,2.664,0
FP-06,FP-06-072,72,8354.81,64.92,69.92,3.25,95.63,47.36,15.08,2.59,0
FP-06,FP-06-073,73,8711.12,66.38,64.69,3.15,94.55,43.41,14.793,2.976,0
FP-06,FP-06-074,74,8498.47,62.55,69.38,3.556,94.29,46.09,14.454,2.501,0
FP-06,FP-06-075,75,8535.37,60.63,69.31,3.707,97.23,44.71,15.443,2.82,0
FP-06,FP-06-076,76,8388.96,62.0,64.43,4.022,93.8,45.11,14.438,2.552,0
FP-06,FP-06-077,77,8749.45,66.02,66.12,3.194,98.46,44.97,14.572,2.094,0
FP-06,FP-06-078,78,8478.32,65.02,69.22,3.612,92.81,45.7,14.919,3.095,0
FP-06,FP-06-079,79,8643.27,65.33,69.8,3.345,102.7,44.32,14.402,2.854,0
FP-06,FP-06-080,80,8272.87,65.29,61.53,4.111,102.19,43.74,15.8,3.07,1
FP-06,FP-06-081,81,8430.58,59.14,64.07,3.965,103.91,46.76,14.358,2.518,1
FP-06,FP-06-082,82,8458.88,65.8,66.8,3.191,101.47,40.6,14.773,2.973,1
FP-06,FP-06-083,83,8378.3,64.05,67.41,3.163,102.7,47.56,15.007,1.828,1
FP-06,FP-06-084,84,8494.19,60.6,63.45,4.229,98.77,39.58,15.507,3.63,1
FP-06,FP-06-085,85,8427.87,65.15,69.15,3.134,97.59,43.59,14.818,3.184,1
FP-06,FP-06-086,86,8168.83,58.18,63.97,3.062,106.72,45.19,14.64,3.081,1
FP-06,FP-06-087,87,8584.66,57.93,64.45,3.81,91.54,43.8,14.586,2.373,1
FP-06,FP-06-088,88,8318.47,59.28,63.34,3.601,109.19,39.05,15.287,3.498,1
FP-07,FP-07-001,1,8492.55,80.48,78.05,2.064,73.71,49.26,12.121,1.193,0
FP-07,FP-07-002,2,8604.88,79.99,78.21,2.078,76.19,49.09,12.35,0.845,0
FP-07,FP-07-003,3,8501.85,79.93,77.64,2.117,75.48,48.78,12.25,1.32,0
FP-07,FP-07-004,4,8471.84,81.76,78.57,2.102,76.49,49.05,12.381,0.852,0
FP-07,FP-07-005,5,8470.47,79.59,77.73,2.11,75.46,49.45,12.149,1.552,0
FP-07,FP-07-006,6,8473.39,79.93,77.84,2.177,78.18,49.96,12.448,1.262,0
FP-07,FP-07-007,7,8486.13,80.59,77.23,2.147,79.47,48.4,12.595,1.073,0
FP-07,FP-07-008,8,8442.3,80.11,76.47,2.153,75.02,47.81,12.285,1.342,0
FP-07,FP-07-009,9,8425.52,78.77,76.9,2.235,77.66,48.81,12.47,1.7,0
FP-07,FP-07-010,10,8342.86,81.4,76.64,2.204,76.94,47.35,12.608,1.041,0
FP-07,FP-07-011,11,8450.71,81.08,77.51,2.29,77.92,47.54,12.368,1.691,0
FP-07,FP-07-012,12,8440.84,78.77,77.86,2.388,78.01,47.48,12.43,1.061,0
FP-07,FP-07-013,13,8654.52,80.1,75.84,2.34,78.71,47.61,12.544,1.53,0
FP-07,FP-07-014,14,8378.72,80.02,76.46,2.262,78.62,48.51,12.467,1.277,0
FP-07,FP-07-015,15,8458.84,78.72,76.51,2.23,78.66,47.56,12.639,1.239,0
FP-07,FP-07-016,16,8357.03,79.24,77.2,2.488,81.02,46.94,12.414,1.634,0
FP-07,FP-07-017,17,8326.59,81.42,76.49,2.314,78.58,47.73,12.646,1.713,0
FP-07,FP-07-018,18,8393.6,80.44,76.21,2.642,80.09,47.29,12.61,1.165,0
FP-07,FP-07-019,19,8258.67,79.65,75.7,2.64,77.94,45.9,12.657,1.494,0
FP-07,FP-07-020,20,8248.82,80.28,75.01,2.493,80.55,46.72,12.718,1.029,0
FP-07,FP-07-021,21,8312.91,78.88,74.57,2.543,80.28,46.16,12.623,1.318,0
FP-07,FP-07-022,22,8358.57,79.14,73.94,2.601,82.72,45.5,12.705,1.505,0
FP-07,FP-07-023,23,8328.53,79.51,77.19,2.699,79.37,48.06,12.848,1.894,0
FP-07,FP-07-024,24,8231.99,78.85,74.85,2.591,80.54,46.25,12.412,1.377,0
FP-07,FP-07-025,25,8236.18,76.42,74.78,2.538,82.11,44.88,12.773,1.68,0
FP-07,FP-07-026,26,8272.26,77.33,73.62,2.68,81.4,46.76,12.691,1.33,0
FP-07,FP-07-027,27,8421.34,78.84,73.22,2.776,83.12,44.41,12.855,1.852,1
FP-07,FP-07-028,28,8213.22,79.33,73.8,2.869,83.82,45.19,12.947,1.985,0
FP-07,FP-07-029,29,8260.22,76.45,73.86,2.761,82.35,45.65,12.807,2.007,0
FP-07,FP-07-030,30,8241.05,78.81,73.24,2.557,83.65,46.2,12.619,1.866,0
FP-07,FP-07-031,31,8292.85,76.85,73.35,2.809,85.42,47.0,13.074,2.025,0
FP-07,FP-07-032,32,8334.64,78.1,73.35,2.507,87.28,46.42,12.659,1.574,1
FP-07,FP-07-033,33,8243.9,77.79,74.96,2.719,83.38,46.3,13.003,1.871,0
FP-07,FP-07-034,34,8208.12,77.5,74.23,2.928,85.69,44.48,12.958,1.915,0
FP-07,FP-07-035,35,8306.27,76.7,73.51,2.522,84.84,45.63,12.588,1.788,0
FP-07,FP-07-036,36,8254.44,78.36,72.63,2.607,86.31,45.8,12.569,1.591,0
FP-07,FP-07-037,37,8174.33,75.54,73.18,2.834,85.39,44.57,12.829,1.916,0
FP-07,FP-07-038,38,8198.65,77.66,73.43,3.082,87.17,44.53,13.189,1.561,1
FP-07,FP-07-039,39,8359.26,78.31,71.61,2.889,88.81,45.3,13.32,2.142,0
FP-07,FP-07-040,40,8020.11,76.39,72.38,2.826,82.54,43.0,13.21,2.015,0
FP-07,FP-07-041,41,8129.2,76.72,72.3,2.798,84.41,44.06,13.166,2.352,0
FP-07,FP-07-042,42,8046.6,79.59,70.31,3.233,85.81,42.94,13.42,2.093,0
FP-07,FP-07-043,43,8131.64,76.38,73.62,3.114,87.89,45.44,13.14,2.334,0
FP-07,FP-07-044,44,8067.32,77.97,70.82,2.781,90.91,44.26,12.846,1.783,0
FP-07,FP-07-045,45,8198.27,76.54,69.64,3.247,86.0,42.67,13.374,1.614,0
FP-07,FP-07-046,46,8137.73,79.04,70.26,2.873,84.19,44.58,12.776,2.555,1
FP-07,FP-07-047,47,8203.43,73.83,71.52,3.122,86.91,44.63,12.804,2.208,0
FP-07,FP-07-048,48,8251.72,77.69,68.72,3.072,86.24,41.24,13.479,1.71,1
FP-07,FP-07-049,49,8261.11,74.78,70.3,3.27,86.09,42.08,13.505,2.146,0
FP-07,FP-07-050,50,7984.22,78.41,70.86,2.876,87.07,43.39,13.169,1.642,1
FP-07,FP-07-051,51,7952.91,75.0,69.94,3.361,92.13,40.38,13.066,1.467,1
FP-07,FP-07-052,52,8055.54,74.8,68.51,3.013,85.33,42.1,13.294,1.809,0
FP-07,FP-07-053,53,8225.26,73.44,70.9,3.453,94.96,43.41,13.235,1.907,0
FP-07,FP-07-054,54,7933.8,74.46,71.22,3.208,84.23,43.53,13.232,1.648,0
FP-07,FP-07-055,55,8007.71,74.63,69.05,3.62,95.71,40.92,13.573,2.057,1
FP-07,FP-07-056,56,8015.55,77.59,70.37,3.512,88.24,40.6,13.245,1.801,1
FP-07,FP-07-057,57,8222.76,73.28,69.57,3.338,89.61,42.22,13.117,2.384,1
FP-07,FP-07-058,58,8017.67,75.18,70.44,3.171,88.54,42.12,13.712,2.384,0
FP-07,FP-07-059,59,7794.98,76.39,66.33,3.463,92.22,40.48,13.459,2.404,1
FP-07,FP-07-060,60,8134.05,71.35,67.71,3.611,92.6,43.06,13.171,2.548,0
FP-07,FP-07-061,61,8160.34,76.46,67.21,3.492,89.56,43.2,13.121,1.987,0
FP-07,FP-07-062,62,7936.5,74.54,71.77,3.019,97.82,37.48,13.519,2.374,1
FP-07,FP-07-063,63,7991.82,77.04,69.68,3.385,98.68,41.65,13.816,1.952,1
FP-07,FP-07-064,64,8060.83,76.95,67.55,3.971,86.89,42.78,13.614,3.093,1
FP-07,FP-07-065,65,8009.44,73.16,66.91,3.313,95.97,37.91,13.438,2.453,1
FP-07,FP-07-066,66,7861.85,75.04,67.04,3.789,94.2,41.73,14.11,2.901,1
FP-07,FP-07-067,67,8020.99,73.62,70.7,4.001,95.54,37.65,13.331,3.22,1
FP-07,FP-07-068,68,8007.6,71.38,67.65,3.413,96.05,42.42,12.942,2.078,0
FP-07,FP-07-069,69,8010.11,78.07,64.81,3.373,90.72,42.62,13.009,2.573,1
FP-07,FP-07-070,70,7864.57,76.76,67.9,3.64,87.96,39.35,13.29,2.925,1
FP-07,FP-07-071,71,7939.08,76.69,65.46,3.717,94.39,38.34,13.915,2.676,1
FP-07,FP-07-072,72,7747.72,73.61,68.04,3.784,98.63,38.48,13.954,2.28,1
FP-07,FP-07-073,73,7962.61,70.12,68.41,3.589,96.39,39.65,14.075,1.783,1
FP-07,FP-07-074,74,7958.02,71.54,67.28,3.968,97.6,39.72,13.706,2.014,1
FP-07,FP-07-075,75,8082.31,74.21,66.7,3.795,89.99,39.4,13.731,2.294,1
FP-07,FP-07-076,76,8027.52,73.92,64.03,3.442,95.96,38.24,13.86,2.499,1
FP-07,FP-07-077,77,7901.58,70.18,64.41,3.78,93.29,38.76,14.167,2.097,1
FP-07,FP-07-078,78,8007.81,73.34,63.95,3.188,94.58,38.52,13.276,2.679,1
FP-07,FP-07-079,79,7762.46,71.83,62.62,3.691,102.02,41.93,12.93,2.692,1
FP-07,FP-07-080,80,7756.29,72.35,65.35,4.019,99.33,41.16,13.284,2.78,1
FP-07,FP-07-081,81,7663.39,76.09,68.13,3.801,102.38,38.21,14.392,2.833,1
FP-07,FP-07-082,82,7728.29,70.64,66.17,3.978,100.13,37.84,14.215,2.257,1
FP-07,FP-07-083,83,7933.3,71.85,63.75,3.278,100.31,40.5,13.12,2.65,1
FP-07,FP-07-084,84,8051.26,74.68,67.9,4.11,95.9,36.13,13.496,2.493,1
FP-07,FP-07-085,85,7610.39,72.68,66.64,3.969,95.14,38.42,14.521,3.362,1
FP-07,FP-07-086,86,7732.94,73.48,65.35,4.098,94.89,32.88,14.138,2.348,1
FP-07,FP-07-087,87,7582.14,73.39,63.27,4.095,101.88,35.48,14.576,3.016,1
FP-07,FP-07-088,88,7905.62,68.44,66.83,3.839,106.5,38.81,13.329,2.93,1
FP-07,FP-07-089,89,7524.11,73.01,60.83,3.941,102.95,37.95,13.974,2.875,1
FP-07,FP-07-090,90,7519.25,74.98,64.16,4.385,101.56,37.13,13.18,2.04,1
FP-07,FP-07-091,91,7895.69,69.3,60.77,4.512,107.44,40.57,13.347,2.497,1
FP-07,FP-07-092,92,7680.17,69.69,66.25,4.21,97.82,32.54,13.364,1.953,1
FP-07,FP-07-093,93,7772.44,70.4,61.18,4.321,107.06,32.63,13.666,2.797,1
FP-07,FP-07-094,94,7907.21,77.48,65.0,4.154,103.83,41.09,14.332,3.442,1
FP-08,FP-08-001,1,8347.26,84.65,77.41,1.884,74.88,54.04,12.944,0.89,0
FP-08,FP-08-002,2,8420.39,83.59,76.37,1.961,75.36,55.21,12.967,0.82,0
FP-08,FP-08-003,3,8310.88,82.86,77.69,2.005,76.58,55.29,13.041,1.014,0
FP-08,FP-08-004,4,8437.74,84.62,77.38,2.032,76.39,55.29,13.065,0.961,0
FP-08,FP-08-005,5,8324.58,84.35,76.79,2.01,75.57,54.39,13.082,1.259,0
FP-08,FP-08-006,6,8229.05,85.73,77.38,2.11,76.49,54.49,13.098,0.933,0
FP-08,FP-08-007,7,8259.45,84.46,76.05,2.092,78.19,54.46,12.951,1.019,0
FP-08,FP-08-008,8,8267.75,84.13,76.54,2.076,77.91,54.11,13.112,1.595,0
FP-08,FP-08-009,9,8325.25,83.96,76.69,2.123,76.64,53.04,13.181,1.502,0
FP-08,FP-08-010,10,8389.14,81.55,75.58,2.167,76.56,53.41,12.978,0.848,0
FP-08,FP-08-011,11,8271.05,84.98,74.63,2.106,77.03,54.13,13.114,1.749,0
FP-08,FP-08-012,12,8199.42,85.46,76.71,2.146,78.9,53.62,13.217,1.632,0
FP-08,FP-08-013,13,8264.07,82.45,74.97,2.242,77.84,53.89,13.28,1.308,0
FP-08,FP-08-014,14,8168.08,83.55,75.25,2.331,79.14,53.17,13.464,1.702,0
FP-08,FP-08-015,15,8198.6,81.58,75.43,2.245,79.79,53.26,13.103,1.084,0
FP-08,FP-08-016,16,8182.22,82.72,76.38,2.367,79.6,53.42,13.458,1.493,0
FP-08,FP-08-017,17,8303.14,82.44,75.44,2.4,81.28,52.1,13.342,1.108,0
FP-08,FP-08-018,18,8230.09,82.18,76.14,2.34,81.32,52.83,13.289,1.312,0
FP-08,FP-08-019,19,8182.01,82.64,73.57,2.333,78.79,53.44,13.27,1.705,0
FP-08,FP-08-020,20,8222.08,82.23,75.32,2.523,79.01,51.11,13.176,1.689,0
FP-08,FP-08-021,21,8081.96,81.31,75.91,2.285,82.87,51.59,13.395,1.477,0
FP-08,FP-08-022,22,8155.71,83.07,74.46,2.312,80.82,51.8,13.243,1.521,0
FP-08,FP-08-023,23,8281.58,80.13,75.09,2.249,81.46,51.41,13.479,1.846,0
FP-08,FP-08-024,24,8242.06,81.91,74.48,2.383,81.48,51.01,13.358,1.133,0
FP-08,FP-08-025,25,8169.07,82.02,72.8,2.269,81.46,51.7,13.356,1.623,0
FP-08,FP-08-026,26,8216.45,84.48,72.87,2.64,82.28,50.03,13.721,1.585,0
FP-08,FP-08-027,27,8161.26,82.01,71.94,2.369,82.65,52.32,13.265,1.919,0
FP-08,FP-08-028,28,8271.07,82.32,71.64,2.727,84.63,52.14,13.591,1.334,0
FP-08,FP-08-029,29,8113.46,81.56,71.39,2.379,84.51,49.56,13.759,1.69,0
FP-08,FP-08-030,30,7970.92,82.38,73.46,2.793,85.37,50.9,13.37,1.324,0
FP-08,FP-08-031,31,8108.27,81.39,73.48,2.626,81.9,49.11,13.082,1.812,0
FP-08,FP-08-032,32,8074.91,81.39,71.93,2.584,84.47,50.0,13.468,1.289,0
FP-08,FP-08-033,33,8174.53,81.97,72.97,2.777,84.8,50.68,13.79,1.615,0
FP-08,FP-08-034,34,8205.56,82.65,72.31,2.735,86.59,52.15,13.96,1.904,0
FP-08,FP-08-035,35,8091.98,80.39,71.86,2.475,83.15,49.28,13.262,1.385,0
FP-08,FP-08-036,36,8066.15,81.76,71.43,2.42,86.36,51.17,13.984,1.663,0
FP-08,FP-08-037,37,8095.57,80.21,72.81,2.661,88.11,50.27,13.9,1.565,0
FP-08,FP-08-038,38,8028.45,80.04,70.22,2.585,83.11,49.78,13.935,1.572,0
FP-08,FP-08-039,39,8020.2,82.88,70.77,2.855,81.07,49.2,13.734,2.19,0
FP-08,FP-08-040,40,8013.83,81.35,72.61,2.892,87.05,51.15,13.981,1.867,0
FP-08,FP-08-041,41,8179.08,81.09,68.81,2.971,86.33,49.44,13.99,2.089,0
FP-08,FP-08-042,42,7999.66,81.79,69.94,3.13,86.15,48.57,13.897,1.951,0
FP-08,FP-08-043,43,8015.69,81.88,68.85,2.527,91.15,49.5,13.523,1.753,0
FP-08,FP-08-044,44,7962.35,79.37,71.64,2.997,87.16,50.5,13.717,1.892,0
FP-08,FP-08-045,45,7859.35,78.82,70.27,2.821,86.03,48.71,13.928,2.436,0
FP-08,FP-08-046,46,7997.47,77.33,68.32,2.703,86.71,49.58,13.851,2.24,0
FP-08,FP-08-047,47,8012.15,77.61,73.51,3.011,85.34,48.11,13.561,2.319,0
FP-08,FP-08-048,48,7902.75,77.69,69.86,3.203,86.13,49.5,13.648,2.058,0
FP-08,FP-08-049,49,7967.99,77.14,66.99,3.113,83.96,49.71,14.088,2.672,0
FP-08,FP-08-050,50,7939.09,78.16,67.53,3.255,90.23,45.42,14.29,2.092,0
FP-08,FP-08-051,51,7918.21,78.02,69.86,3.212,91.18,48.09,14.202,2.087,0
FP-08,FP-08-052,52,8004.69,78.28,69.8,2.856,85.69,45.06,14.083,2.392,0
FP-08,FP-08-053,53,7783.22,80.58,70.08,2.931,93.56,45.95,14.191,2.315,0
FP-08,FP-08-054,54,8043.41,80.78,70.08,3.068,94.9,45.81,14.32,1.867,0
FP-08,FP-08-055,55,7839.38,80.34,68.08,2.984,91.62,48.57,14.141,2.522,0
FP-08,FP-08-056,56,8015.71,80.7,66.9,3.558,92.66,47.91,14.315,2.151,0
FP-08,FP-08-057,57,7856.0,80.63,66.22,3.223,92.86,48.41,14.265,2.582,0
FP-08,FP-08-058,58,7900.31,76.52,69.1,3.122,87.46,45.74,13.723,1.998,0
FP-08,FP-08-059,59,7740.84,78.07,65.43,2.804,92.47,48.04,14.348,2.279,1
FP-08,FP-08-060,60,7905.51,76.78,70.73,3.032,86.33,44.85,13.632,2.646,0
FP-08,FP-08-061,61,7926.04,75.71,65.9,3.628,89.41,44.57,13.501,2.56,1
FP-08,FP-08-062,62,7639.0,77.02,70.45,3.095,90.53,49.04,13.651,2.933,1
FP-08,FP-08-063,63,7808.96,76.34,66.51,2.766,96.56,46.86,13.64,2.941,0
FP-08,FP-08-064,64,7785.48,77.64,69.63,3.443,97.8,42.73,13.99,3.129,1
FP-08,FP-08-065,65,7954.23,75.81,66.13,3.808,93.47,43.59,13.585,2.552,1
FP-08,FP-08-066,66,7704.9,78.89,64.94,3.224,92.13,48.07,14.22,1.87,1
FP-08,FP-08-067,67,7823.01,74.53,65.84,3.58,89.16,43.0,14.54,3.017,1
FP-08,FP-08-068,68,7543.2,80.5,64.61,3.778,98.42,47.75,14.34,1.997,1
FP-08,FP-08-069,69,7593.93,76.65,65.4,3.82,100.3,47.72,14.166,2.709,1
FP-08,FP-08-070,70,7557.94,76.17,69.21,3.799,93.01,47.2,13.974,2.167,1
FP-08,FP-08-071,71,7867.12,79.44,64.98,3.213,93.65,45.47,14.359,2.608,1
FP-08,FP-08-072,72,7842.86,78.83,64.82,3.69,97.72,41.24,14.329,2.52,1
FP-08,FP-08-073,73,7867.0,75.36,64.47,3.501,90.09,43.38,13.899,2.539,1
FP-08,FP-08-074,74,7685.43,77.56,66.04,3.394,98.73,45.16,13.646,2.288,1
FP-08,FP-08-075,75,7550.91,79.07,61.91,4.144,101.07,48.06,13.982,1.787,1
FP-08,FP-08-076,76,8039.15,75.35,69.68,3.935,90.35,41.31,14.138,2.479,1
FP-08,FP-08-077,77,7703.6,72.17,63.41,3.888,102.47,45.06,14.798,2.33,1
FP-08,FP-08-078,78,7592.13,76.88,65.32,3.545,98.45,42.2,13.658,1.799,1
FP-08,FP-08-079,79,7662.34,80.04,64.96,4.05,99.25,46.28,14.087,2.771,1
FP-08,FP-08-080,80,7771.03,80.84,68.69,3.37,102.35,46.25,13.935,3.016,1
FP-08,FP-08-081,81,7590.47,73.96,62.94,3.722,98.25,43.12,15.089,2.472,1
FP-08,FP-08-082,82,7887.65,78.42,61.07,3.466,92.52,42.0,14.041,3.14,1
FP-08,FP-08-083,83,7759.79,78.64,66.8,3.88,94.38,45.15,15.145,2.936,1
FP-08,FP-08-084,84,7802.04,74.55,60.3,3.954,106.91,40.68,14.645,2.407,1
FP-08,FP-08-085,85,7600.66,79.29,67.62,3.154,96.07,44.7,15.166,2.889,1
FP-08,FP-08-086,86,7481.33,71.81,65.68,3.044,99.66,46.22,14.127,2.856,1
FP-08,FP-08-087,87,7859.57,71.52,64.25,3.274,94.97,40.01,14.094,3.277,1
FP-08,FP-08-088,88,7466.94,72.99,61.69,3.756,106.93,46.88,14.136,2.838,1
FP-08,FP-08-089,89,7586.33,77.72,61.47,3.546,98.59,42.69,15.1,2.599,1
FP-08,FP-08-090,90,7587.29,79.45,63.57,3.715,95.52,47.04,14.782,3.428,1
FP-08,FP-08-091,91,7500.6,78.28,66.01,4.136,94.49,39.01,13.971,3.185,1
FP-08,FP-08-092,92,7772.44,73.45,64.86,3.29,93.47,44.9,14.683,2.995,1
FP-08,FP-08-093,93,7954.39,78.19,67.04,3.851,97.96,42.9,15.188,2.158,1
FP-08,FP-08-094,94,7916.31,71.56,58.42,4.24,104.87,42.57,15.187,2.529,1
FP-08,FP-08-095,95,7706.94,76.01,57.67,3.831,101.89,40.94,14.245,3.181,1
FP-08,FP-08-096,96,7329.31,77.96,63.5,3.941,104.24,45.09,13.853,2.54,1
FP-08,FP-08-097,97,7510.91,76.85,64.53,4.03,108.89,38.03,14.788,3.218,1
FP-08,FP-08-098,98,7686.05,76.79,60.55,4.411,96.63,38.5,15.383,2.472,1
FP-08,FP-08-099,99,7652.91,76.06,56.86,3.83,108.56,43.54,15.173,3.378,1
FP-08,FP-08-100,100,7242.56,73.88,64.77,4.062,111.75,41.79,14.54,2.587,1
